concept,language,gloss,hamnosys,video_url,page_url
thank,ASL,THANK_YOU,,,
thanks,ASL,THANK_YOU,,,
thank you,ASL,THANK_YOU,,,
hello,ASL,HELLO,,,
hi,ASL,HELLO,,,
hey,ASL,HELLO,,,
welcome,ASL,WELCOME,,,
goodbye,ASL,GOODBYE,,,
bye,ASL,GOODBYE,,,
please,ASL,PLEASE,,,
sorry,ASL,SORRY,,,
yes,ASL,YES,,,
no,ASL,NO,,,
good,ASL,GOOD,,,
great,ASL,GOOD,,,
book,ASL,BOOK,,,
computer,ASL,COMPUTER,,,
school,ASL,SCHOOL,,,
family,ASL,FAMILY,,,
help,ASL,HELP,,,
new,ASL,NEW,,,
my,ASL,MY,,,
mine,ASL,MY,,,
me,ASL,MY,,,
i,ASL,MY,,,
you,ASL,YOU,,,
your,ASL,YOU,,,
yours,ASL,YOU,,,
we,ASL,WE,,,
our,ASL,WE,,,
us,ASL,WE,,,
thing,ASL,THING,,,
things,ASL,THINGS,,,
skill,ASL,SKILL,,,
skills,ASL,SKILLS,,,
project,ASL,PROJECT,,,
projects,ASL,PROJECTS,,,
friend,ASL,FRIEND,,,
friends,ASL,FRIEND,,,
work,ASL,WORK,,,
learn,ASL,LEARN,,,
study,ASL,LEARN,,,
develop,ASL,DEVELOP,,,
eat,ASL,EAT,,,
drink,ASL,DRINK,,,
mother,ASL,MOTHER,,,
father,ASL,FATHER,,,
name,ASL,NAME,,,
time,ASL,TIME,,,
today,ASL,TODAY,,,
tomorrow,ASL,TOMORROW,,,
yesterday,ASL,YESTERDAY,,,
water,ASL,WATER,,,
food,ASL,FOOD,,,
happy,ASL,HAPPY,,,
sad,ASL,SAD,,,
what,ASL,WHAT,,,
when,ASL,WHEN,,,
where,ASL,WHERE,,,
who,ASL,WHO,,,
why,ASL,WHY,,,
how,ASL,HOW,,,
